title,artist,key,youtube_url,cifra_url,ritmo,letter,source
A BOA PARTE,FHOP MUSIC,MI,https://youtu.be/dlGOiuxSzVw?si=i4GDOYoqWlFj4-e6,https://www.cifraclub.com.br/?q=A+BOA+PARTE+FHOP+MUSIC,Lento,A,"lista_semestral, links_busca"
A alegria esta no coração,,MI,https://www.youtube.com/watch?v=FnnmK-hOXEM,https://www.cifraclub.com.br/?q=A+alegria+esta+no+cora%C3%A7%C3%A3o+nan,Rápido,A,"catalogo, lista_semestral, links_busca"
A colheita,Alda Célia,DÓ,https://www.youtube.com/watch?v=SuqydQPqvY4,https://www.cifraclub.com.br/estilos/sertanejo/,,A,"catalogo, links_busca, links_web"
A começar em mim,m 1,MI,https://www.youtube.com/results?search_query=A+come%C3%A7ar+em+mim+m+1,https://www.cifraclub.com.br/?q=A+come%C3%A7ar+em+mim+m+1,,A,"catalogo, links_busca"
A última hora 2 Cantor,Cristão,,https://www.youtube.com/results?search_query=A+%C3%BAltima+hora+2+Cantor+Crist%C3%A3o,https://www.cifraclub.com.br/?q=A+%C3%BAltima+hora+2+Cantor+Crist%C3%A3o,,A,"catalogo, links_busca"
Aclame ao Senhor,,LÁ,https://www.youtube.com/results?search_query=Aclame+ao+Senhor+nan,https://www.cifraclub.com.br/?q=Aclame+ao+Senhor+nan,,A,"catalogo, links_busca"
Adorador por excelência,Nani Azevedo,SOL,https://www.youtube.com/results?search_query=Adorador+por+excel%C3%AAncia+Nani+Azevedo,https://www.cifraclub.com.br/?q=Adorador+por+excel%C3%AAncia+Nani+Azevedo,,A,"catalogo, links_busca"
Aguas Cristalinas,Vencedores por Cristo,SOL,https://www.youtube.com/results?search_query=Aguas+Cristalinas+Vencedores+por+Cristo,https://www.cifraclub.com.br/?q=Aguas+Cristalinas+Vencedores+por+Cristo,,A,"catalogo, links_busca"
Aguas purificadoras,Diante do Trono,RÉ,https://www.youtube.com/watch?v=XUDifaNsjtA,https://www.cifraclub.com.br/diante-do-trono/aguas-purificadoras/,Lento,A,"catalogo, lista_semestral"
Ajuntamento,Iphalpha,,https://youtu.be/x1h5h1VWN6Y?si=OhxWvCfTpL1owixp,https://www.cifraclub.com.br/ipalpha/ajuntamento/,Lento,A,lista_semestral
Ajuntamento 5,,,https://www.youtube.com/results?search_query=Ajuntamento+5+nan,https://www.cifraclub.com.br/?q=Ajuntamento+5+nan,,A,"catalogo, links_busca"
Aleluia! Hosana,Toque no Altar,,https://www.youtube.com/watch?v=Og9740F1Hw0,https://www.cifraclub.com.br/toque-no-altar/aleluia-hosana/,Rápido,A,lista_semestral
Alfa e ômega,Eli Soares,RÉ,https://www.youtube.com/watch?v=Xwe1KyDKtz0,https://www.cifraclub.com.br/?q=Alfa+e+%C3%B4mega+Eli+Soares,,A,"catalogo, lista_semestral, links_busca"
Aliança,,DÓ,https://www.youtube.com/results?search_query=Alian%C3%A7a+nan,https://www.cifraclub.com.br/?q=Alian%C3%A7a+nan,,A,"catalogo, links_busca"
Aliança de sangue,,RÉ/DÓ,https://www.youtube.com/results?search_query=Alian%C3%A7a+de+sangue+nan,https://www.cifraclub.com.br/?q=Alian%C3%A7a+de+sangue+nan,,A,"catalogo, links_busca"
Alto preço,,SOL,https://www.youtube.com/results?search_query=Alto+pre%C3%A7o+nan,https://www.cifraclub.com.br/?q=Alto+pre%C3%A7o+nan,,A,"catalogo, links_busca"
Alvo mais que a neve,,DÓ,https://www.youtube.com/results?search_query=Alvo+mais+que+a+neve+nan,https://www.cifraclub.com.br/?q=Alvo+mais+que+a+neve+nan,,A,"catalogo, links_busca"
Amar ao próximo 1 Daniel,Costa,,https://www.youtube.com/results?search_query=Amar+ao+pr%C3%B3ximo+1+Daniel+Costa,https://www.cifraclub.com.br/?q=Amar+ao+pr%C3%B3ximo+1+Daniel+Costa,,A,"catalogo, links_busca"
Amigo de Deus,Ademar Campos,RÉ,https://www.youtube.com/watch?v=d-meRD4YsFg,https://www.cifraclub.com.br/adhemar-de-campos/amigo-de-deus/,Lento ou compasso rápido.,A,"catalogo, lista_semestral"
Andam de pé procurando,,,https://www.youtube.com/results?search_query=Andam+de+p%C3%A9+procurando+nan,https://www.cifraclub.com.br/?q=Andam+de+p%C3%A9+procurando+nan,,A,"catalogo, links_busca"
Antífona,Cantor Cristão,DÓ,https://youtu.be/yEmPxAF6uZo?si=-_qQ7kxs1cuVnRmy,https://www.cifraclub.com.br/?q=Ant%C3%ADfona+Cantor+Crist%C3%A3o,,A,"lista_semestral, links_busca"
Ao único,,DÓ,https://www.youtube.com/results?search_query=Ao+%C3%BAnico+nan,https://www.cifraclub.com.br/?q=Ao+%C3%BAnico+nan,,A,"catalogo, links_busca"
Até os Confins da Terra,Adoração e Adoradores,,https://youtu.be/gqkytZz8Pys?si=b874dDc2fZmmAstw,https://www.cifraclub.com.br/adoracao-e-adoradores/ate-os-confins-da-terra/,Médio,A,lista_semestral
Até que Ele venha,,RÉ,https://www.youtube.com/results?search_query=At%C3%A9+que+Ele+venha+nan,https://www.cifraclub.com.br/?q=At%C3%A9+que+Ele+venha+nan,,A,"catalogo, links_busca"
Autor da minha fé,nha fé,MI,https://www.youtube.com/results?search_query=Autor+da+minha+f%C3%A9+nha+f%C3%A9,https://www.cifraclub.com.br/?q=Autor+da+minha+f%C3%A9+nha+f%C3%A9,,A,"catalogo, links_busca"
Autor da minha fé,Grupo Logos,,https://youtu.be/l_4YjO4FHA8,https://www.cifraclub.com.br/grupo-logos/autor-da-minha-fe/,Médio,A,lista_semestral
Bem mais que tudo,Aline Barros,SOL,https://www.youtube.com/results?search_query=Bem+mais+que+tudo+Aline+Barros,https://www.cifraclub.com.br/?q=Bem+mais+que+tudo+Aline+Barros,,B,"catalogo, links_busca"
Bem querer 2 8,,,https://www.youtube.com/results?search_query=Bem+querer+2+8+nan,https://www.cifraclub.com.br/?q=Bem+querer+2+8+nan,,B,"catalogo, links_busca"
Bondade de Deus,Isaias,,https://youtu.be/ScEN3eh-bnE?si=uw_LIqxOGnJlaG_a,https://www.cifraclub.com.br/isaias-saad/bondade-de-deus/,Lento,B,lista_semestral
Buscar,me - eis,RÉ,https://www.youtube.com/results?search_query=Buscar+me+-+eis,https://www.cifraclub.com.br/?q=Buscar+me+-+eis,,B,"catalogo, links_busca"
Busquem a Jesus,Arautos do Rei,,https://youtu.be/dm024GGxP24?si=x71Q_bNPy4itppOb,https://www.cifraclub.com.br/arautos-do-rei/busquem-jesus/,Lento,B,lista_semestral
Busquem a Jesus 4 Arautos do Rei,,,https://www.youtube.com/results?search_query=Busquem+a+Jesus+4+Arautos+do+Rei+nan,https://www.cifraclub.com.br/?q=Busquem+a+Jesus+4+Arautos+do+Rei+nan,,B,"catalogo, links_busca"
Calvário,,,https://www.youtube.com/results?search_query=Calv%C3%A1rio+nan,https://www.cifraclub.com.br/?q=Calv%C3%A1rio+nan,,C,"catalogo, links_busca"
Caminho,Deserto,DÓ,https://www.youtube.com/results?search_query=Caminho+Deserto,https://www.cifraclub.com.br/?q=Caminho+Deserto,,C,"catalogo, links_busca"
Caminho no Deserto,Nívea Soares,,https://www.youtube.com/watch?v=n3qTisl_Unk,https://www.cifraclub.com.br/soraya-moraes/caminho-no-deserto/,Médio,C,lista_semestral
Canta m'alma,,DÓ,https://www.youtube.com/results?search_query=Canta+m%27alma+nan,https://www.cifraclub.com.br/?q=Canta+m%27alma+nan,,C,"catalogo, links_busca"
Canta m'nha alma,IBAB celebração,,https://www.youtube.com/watch?v=YK75fAxe_eo,https://www.cifraclub.com.br/ibab-louvor-canta-minhalma-a-ti-senhor/canta-minha-alma-a-ti-senhor/Rápido,,C,lista_semestral
Cantai ao,Senhor,SOL,https://www.youtube.com/results?search_query=Cantai+ao+Senhor,https://www.cifraclub.com.br/?q=Cantai+ao+Senhor,,C,"catalogo, links_busca"
Canção de Pedro,Daniel Ludtcke,,https://youtu.be/tGh2lRGDYlM?si=0n7h_1dHRQtekFqT,https://www.cifraclub.com.br/daniel-ludtke/cancao-de-pedro/,Lento,C,lista_semestral
Carvalhos de,Justiça,SOL,https://www.youtube.com/results?search_query=Carvalhos+de+Justi%C3%A7a,https://www.cifraclub.com.br/?q=Carvalhos+de+Justi%C3%A7a,,C,"catalogo, links_busca"
Carvalhos de Justiça,Hagios,,https://www.youtube.com/watch?v=7VSkahjpuOM,https://www.cifraclub.com.br/grupo-hagios/carvalhos-de-justica/,,C,lista_semestral
Casa de Deus,Aline Barros,DÓ,https://www.youtube.com/results?search_query=Casa+de+Deus+Aline+Barros,https://www.cifraclub.com.br/?q=Casa+de+Deus+Aline+Barros,,C,"catalogo, links_busca"
Casa de benção,,,https://www.youtube.com/results?search_query=Casa+de+ben%C3%A7%C3%A3o+nan,https://www.cifraclub.com.br/?q=Casa+de+ben%C3%A7%C3%A3o+nan,,C,"catalogo, links_busca"
Castelo Forte,Igreja do projeto Sola,,https://youtu.be/RGCzQjFKk2w?si=YUKZ9ChES8qvtE8r,https://www.cifraclub.com.br/ipalpha/castelo-forte/,Rápido (Compasso),C,lista_semestral
Celebrai,,,https://www.youtube.com/results?search_query=Celebrai+nan,https://www.cifraclub.com.br/?q=Celebrai+nan,,C,"catalogo, links_busca"
Celebrai com,Júbilo,MI,https://www.youtube.com/results?search_query=Celebrai+com+J%C3%BAbilo,https://www.cifraclub.com.br/?q=Celebrai+com+J%C3%BAbilo,,C,"catalogo, links_busca"
Chamada,Final,,https://www.youtube.com/results?search_query=Chamada+Final,https://www.cifraclub.com.br/?q=Chamada+Final,,C,"catalogo, links_busca"
Cheiro das águas,,,https://www.youtube.com/results?search_query=Cheiro+das+%C3%A1guas+nan,https://www.cifraclub.com.br/?q=Cheiro+das+%C3%A1guas+nan,,C,"catalogo, links_busca"
Colisão,,RÉ,https://www.youtube.com/results?search_query=Colis%C3%A3o+nan,https://www.cifraclub.com.br/?q=Colis%C3%A3o+nan,,C,"catalogo, links_busca"
Colossenses 1,Projeto Sola,,https://www.youtube.com/watch?v=gk7XWCMwO94,https://www.cifraclub.com.br/projeto-sola/colossenses-1/,Lento,C,lista_semestral
Colossensses 1 Projeto,aDÓ,SOL,https://www.youtube.com/results?search_query=Colossensses+1+Projeto+aD%C3%93,https://www.cifraclub.com.br/?q=Colossensses+1+Projeto+aD%C3%93,,C,"catalogo, links_busca"
Com,Alegria,MI,https://www.youtube.com/results?search_query=Com+Alegria,https://www.cifraclub.com.br/?q=Com+Alegria,,C,"catalogo, links_busca"
Comunhão e adoração,,RÉ,https://www.youtube.com/results?search_query=Comunh%C3%A3o+e+adora%C3%A7%C3%A3o+nan,https://www.cifraclub.com.br/?q=Comunh%C3%A3o+e+adora%C3%A7%C3%A3o+nan,,C,"catalogo, links_busca"
Conexão Daniel,CostaRÉ,,https://www.youtube.com/results?search_query=Conex%C3%A3o+Daniel+CostaR%C3%89,https://www.cifraclub.com.br/?q=Conex%C3%A3o+Daniel+CostaR%C3%89,,C,"catalogo, links_busca"
Confissão,Daniel Ludtke,,https://www.youtube.com/watch?v=2H3VSEMj0lY,https://www.cifraclub.com.br/daniel-ludtke/confissao/,Lento,C,lista_semestral
Confissão Daniel,LudckeLÁ,,https://www.youtube.com/results?search_query=Confiss%C3%A3o+Daniel+LudckeL%C3%81,https://www.cifraclub.com.br/?q=Confiss%C3%A3o+Daniel+LudckeL%C3%81,,C,"catalogo, links_busca"
Conheci um grande,igo LÁ,AM,https://www.youtube.com/results?search_query=Conheci+um+grande+igo+L%C3%81,https://www.cifraclub.com.br/?q=Conheci+um+grande+igo+L%C3%81,,C,"catalogo, links_busca"
Conheci um mundo mau,,RÉ,https://www.youtube.com/results?search_query=Conheci+um+mundo+mau+nan,https://www.cifraclub.com.br/?q=Conheci+um+mundo+mau+nan,,C,"catalogo, links_busca"
Consagração,,SOL,https://www.youtube.com/results?search_query=Consagra%C3%A7%C3%A3o+nan,https://www.cifraclub.com.br/?q=Consagra%C3%A7%C3%A3o+nan,,C,"catalogo, links_busca"
Consolador,,,https://www.youtube.com/results?search_query=Consolador+nan,https://www.cifraclub.com.br/?q=Consolador+nan,,C,"catalogo, links_busca"
Contempla a,Deus,,https://www.youtube.com/results?search_query=Contempla+a+Deus,https://www.cifraclub.com.br/?q=Contempla+a+Deus,,C,"catalogo, links_busca"
Convite a,Liberdade,,https://www.youtube.com/results?search_query=Convite+a+Liberdade,https://www.cifraclub.com.br/?q=Convite+a+Liberdade,,C,"catalogo, links_busca"
Coração,Puro,RÉ,https://www.youtube.com/results?search_query=Cora%C3%A7%C3%A3o+Puro,https://www.cifraclub.com.br/?q=Cora%C3%A7%C3%A3o+Puro,,C,"catalogo, links_busca"
Coração igual ao teu,,DÓ,https://www.youtube.com/results?search_query=Cora%C3%A7%C3%A3o+igual+ao+teu+nan,https://www.cifraclub.com.br/?q=Cora%C3%A7%C3%A3o+igual+ao+teu+nan,,C,"catalogo, links_busca"
Corpo e,milia LÁ,FA,https://www.youtube.com/results?search_query=Corpo+e+milia+L%C3%81,https://www.cifraclub.com.br/?q=Corpo+e+milia+L%C3%81,,C,"catalogo, links_busca"
Cria em,m DÓ,MI,https://www.youtube.com/results?search_query=Cria+em+m+D%C3%93,https://www.cifraclub.com.br/?q=Cria+em+m+D%C3%93,,C,"catalogo, links_busca"
Cristo exaltado,,,https://www.youtube.com/results?search_query=Cristo+exaltado+nan,https://www.cifraclub.com.br/?q=Cristo+exaltado+nan,,C,"catalogo, links_busca"
Cristo é a resposta,Jessé,MI,https://www.youtube.com/results?search_query=Cristo+%C3%A9+a+resposta+Jess%C3%A9,https://www.cifraclub.com.br/?q=Cristo+%C3%A9+a+resposta+Jess%C3%A9,,C,"catalogo, links_busca"
De todas as tribos Vencedores por,Cristo,,https://www.youtube.com/results?search_query=De+todas+as+tribos+Vencedores+por+Cristo,https://www.cifraclub.com.br/?q=De+todas+as+tribos+Vencedores+por+Cristo,,D,"catalogo, links_busca"
Deixa Deus trabalhar,,,https://www.youtube.com/results?search_query=Deixa+Deus+trabalhar+nan,https://www.cifraclub.com.br/?q=Deixa+Deus+trabalhar+nan,,D,"catalogo, links_busca"
Deixa Jesus encher tua vida,,,https://www.youtube.com/results?search_query=Deixa+Jesus+encher+tua+vida+nan,https://www.cifraclub.com.br/?q=Deixa+Jesus+encher+tua+vida+nan,,D,"catalogo, links_busca"
Deixa Tudo Alex,GonzagaAnálise,,https://www.youtube.com/results?search_query=Deixa+Tudo+Alex+GonzagaAn%C3%A1lise,https://www.cifraclub.com.br/?q=Deixa+Tudo+Alex+GonzagaAn%C3%A1lise,,D,"catalogo, links_busca"
Depois da Cruz Aline,Barros,,https://www.youtube.com/results?search_query=Depois+da+Cruz+Aline+Barros,https://www.cifraclub.com.br/?q=Depois+da+Cruz+Aline+Barros,,D,"catalogo, links_busca"
Deus Fiel Diante do,TronoAnálise,,https://www.youtube.com/results?search_query=Deus+Fiel+Diante+do+TronoAn%C3%A1lise,https://www.cifraclub.com.br/?q=Deus+Fiel+Diante+do+TronoAn%C3%A1lise,,D,"catalogo, links_busca"
Deus chama todos os povos,,,https://www.youtube.com/results?search_query=Deus+chama+todos+os+povos+nan,https://www.cifraclub.com.br/?q=Deus+chama+todos+os+povos+nan,,D,"catalogo, links_busca"
Deus de,lagres Diante do Trono,MI,https://www.youtube.com/results?search_query=Deus+de+lagres+Diante+do+Trono,https://www.cifraclub.com.br/?q=Deus+de+lagres+Diante+do+Trono,,D,"catalogo, links_busca"
Deus somente Deus,Versão: Paulo César Baruk,,https://www.youtube.com/watch?v=PjUgDnrsfkU,https://www.cifraclub.com.br/paulo-cesar-baruk/deus-somente-deus/,Lento,D,lista_semestral
Deus somente Deus Vencedores por,Cristo,,https://www.youtube.com/results?search_query=Deus+somente+Deus+Vencedores+por+Cristo,https://www.cifraclub.com.br/?q=Deus+somente+Deus+Vencedores+por+Cristo,,D,"catalogo, links_busca"
Diante da Cruz,Aline Barros,,https://www.youtube.com/watch?v=Uo_0wr_iXJg,https://www.cifraclub.com.br/aline-barros/diante-da-cruz/,Lento,D,lista_semestral
Diante da Cruz Aline,Barros,,https://www.youtube.com/results?search_query=Diante+da+Cruz+Aline+Barros,https://www.cifraclub.com.br/?q=Diante+da+Cruz+Aline+Barros,,D,"catalogo, links_busca"
Digno é o Senhor,Aline Barros,,https://youtu.be/ptqPgzAbpGc?si=UQ4DtZmV2JDdtRqv,https://www.cifraclub.com.br/aline-barros/digno-o-senhor--/,Lento,D,lista_semestral
Digno é o Senhor Aline,Barros,,https://www.youtube.com/results?search_query=Digno+%C3%A9+o+Senhor+Aline+Barros,https://www.cifraclub.com.br/?q=Digno+%C3%A9+o+Senhor+Aline+Barros,,D,"catalogo, links_busca"
Digno és Comunidade vila da penha,,,https://www.youtube.com/results?search_query=Digno+%C3%A9s+Comunidade+vila+da+penha+nan,https://www.cifraclub.com.br/?q=Digno+%C3%A9s+Comunidade+vila+da+penha+nan,,D,"catalogo, links_busca"
Dom de,ar Igreja Batista Nova jerusalémMI,AM,https://www.youtube.com/results?search_query=Dom+de+ar+Igreja+Batista+Nova+jerusal%C3%A9mMI,https://www.cifraclub.com.br/?q=Dom+de+ar+Igreja+Batista+Nova+jerusal%C3%A9mMI,,D,"catalogo, links_busca"
Eis me aqui,,,https://www.youtube.com/results?search_query=Eis+me+aqui+nan,https://www.cifraclub.com.br/?q=Eis+me+aqui+nan,,E,"catalogo, links_busca"
Eis que vem João,Alexandre,,https://www.youtube.com/results?search_query=Eis+que+vem+Jo%C3%A3o+Alexandre,https://www.cifraclub.com.br/?q=Eis+que+vem+Jo%C3%A3o+Alexandre,,E,"catalogo, links_busca"
Ele continua sendo bom,,,https://www.youtube.com/results?search_query=Ele+continua+sendo+bom+nan,https://www.cifraclub.com.br/?q=Ele+continua+sendo+bom+nan,,E,"catalogo, links_busca"
Ele é exaltado Adhemar de,Campos,,https://www.youtube.com/results?search_query=Ele+%C3%A9+exaltado+Adhemar+de+Campos,https://www.cifraclub.com.br/?q=Ele+%C3%A9+exaltado+Adhemar+de+Campos,,E,"catalogo, links_busca"
"Em espirito, Em verdade",Cantor Cristão,,https://youtu.be/yDU_-KpSFts?si=4_yZqKCnLAn-VaxZ,https://www.cifraclub.com.br/harpa-crista/em-espirito-em-verdade/,Lento,E,"catalogo, lista_semestral"
Em tua presença,,,https://www.youtube.com/results?search_query=Em+tua+presen%C3%A7a+nan,https://www.cifraclub.com.br/?q=Em+tua+presen%C3%A7a+nan,,E,"catalogo, links_busca"
Ensina,me,,https://www.youtube.com/results?search_query=Ensina+me,https://www.cifraclub.com.br/?q=Ensina+me,,E,"catalogo, links_busca"
Entre nós Projeto,a,SOL,https://www.youtube.com/results?search_query=Entre+n%C3%B3s+Projeto+a,https://www.cifraclub.com.br/?q=Entre+n%C3%B3s+Projeto+a,,E,"catalogo, links_busca"
Então se vera Vencedores por,Cristo,,https://www.youtube.com/results?search_query=Ent%C3%A3o+se+vera+Vencedores+por+Cristo,https://www.cifraclub.com.br/?q=Ent%C3%A3o+se+vera+Vencedores+por+Cristo,,E,"catalogo, links_busca"
Esconderijo,Daniel Ludtke,,https://youtu.be/t57OAYGPhAM?si=U7T0PtWLgWTA6iBn,https://www.cifraclub.com.br/daniel-ludtke/esconderijo/,Lento,E,lista_semestral
Esconderijo Daniel,Ludcke,,https://www.youtube.com/results?search_query=Esconderijo+Daniel+Ludcke,https://www.cifraclub.com.br/?q=Esconderijo+Daniel+Ludcke,,E,"catalogo, links_busca"
Espirito de,Deus,,https://www.youtube.com/results?search_query=Espirito+de+Deus,https://www.cifraclub.com.br/?q=Espirito+de+Deus,,E,"catalogo, links_busca"
Espirito enche a,nha vida,MI,https://www.youtube.com/results?search_query=Espirito+enche+a+nha+vida,https://www.cifraclub.com.br/?q=Espirito+enche+a+nha+vida,,E,"catalogo, links_busca"
Essência da adoração,,,https://www.youtube.com/results?search_query=Ess%C3%AAncia+da+adora%C3%A7%C3%A3o+nan,https://www.cifraclub.com.br/?q=Ess%C3%AAncia+da+adora%C3%A7%C3%A3o+nan,,E,"catalogo, links_busca"
Essência de Deus,João Alexandre,,https://www.youtube.com/watch?v=tQDFU_1VqPM,https://www.cifraclub.com.br/joao-alexandre/essencia-de-deus/,Lento,E,lista_semestral
Essência de Deus João,Alexandre,,https://www.youtube.com/results?search_query=Ess%C3%AAncia+de+Deus+Jo%C3%A3o+Alexandre,https://www.cifraclub.com.br/?q=Ess%C3%AAncia+de+Deus+Jo%C3%A3o+Alexandre,,E,"catalogo, links_busca"
Estrela da,Manhã,,https://www.youtube.com/results?search_query=Estrela+da+Manh%C3%A3,https://www.cifraclub.com.br/?q=Estrela+da+Manh%C3%A3,,E,"catalogo, links_busca"
Eu creio que tudo é possível,,,https://www.youtube.com/results?search_query=Eu+creio+que+tudo+%C3%A9+poss%C3%ADvel+nan,https://www.cifraclub.com.br/?q=Eu+creio+que+tudo+%C3%A9+poss%C3%ADvel+nan,,E,"catalogo, links_busca"
Eu e,nha casa serviremos ao senhor - Davi Sacer,MI,https://www.youtube.com/results?search_query=Eu+e+nha+casa+serviremos+ao+senhor+-+Davi+Sacer,https://www.cifraclub.com.br/?q=Eu+e+nha+casa+serviremos+ao+senhor+-+Davi+Sacer,,E,"catalogo, links_busca"
Eu na biblia,Creio,,https://www.youtube.com/results?search_query=Eu+na+biblia+Creio,https://www.cifraclub.com.br/?q=Eu+na+biblia+Creio,,E,"catalogo, links_busca"
Eu te Busco,Vineyard,,https://www.youtube.com/results?search_query=Eu+te+Busco+Vineyard,https://www.cifraclub.com.br/?q=Eu+te+Busco+Vineyard,,E,"catalogo, links_busca"
Eu te Louvarei,,,https://youtu.be/_xVuItEPVQE?si=kxkWWQs49WJUBgOm,https://www.cifraclub.com.br/ronaldo-bezerra/eu-te-louvarei/,Rápido,E,lista_semestral
Eu te louvarei ROnaldo,Bezerra,,https://www.youtube.com/results?search_query=Eu+te+louvarei+ROnaldo+Bezerra,https://www.cifraclub.com.br/?q=Eu+te+louvarei+ROnaldo+Bezerra,,E,"catalogo, links_busca"
Eu vou Fernanda,Brum,,https://www.youtube.com/results?search_query=Eu+vou+Fernanda+Brum,https://www.cifraclub.com.br/?q=Eu+vou+Fernanda+Brum,,E,"catalogo, links_busca"
Evangelho,188 cantor cristão,,https://www.youtube.com/results?search_query=Evangelho+188+cantor+crist%C3%A3o,https://www.cifraclub.com.br/?q=Evangelho+188+cantor+crist%C3%A3o,,E,"catalogo, links_busca"
Excelsa,Graça,RÉ,https://www.youtube.com/results?search_query=Excelsa+Gra%C3%A7a,https://www.cifraclub.com.br/?q=Excelsa+Gra%C3%A7a,,E,"catalogo, links_busca"
Excelsa Graça,,,https://www.youtube.com/watch?v=wCj9-s8RlmQ,https://www.cifraclub.com.br/igreja-batista-manacial/excelsa-graca/,Lento,E,lista_semestral
Familia Daniel,Costa,,https://www.youtube.com/results?search_query=Familia+Daniel+Costa,https://www.cifraclub.com.br/?q=Familia+Daniel+Costa,,F,"catalogo, links_busca"
Família Regis,Danese,,https://www.youtube.com/results?search_query=Fam%C3%ADlia+Regis+Danese,https://www.cifraclub.com.br/?q=Fam%C3%ADlia+Regis+Danese,,F,"catalogo, links_busca"
Faz chover,Fernandinho,,https://www.youtube.com/results?search_query=Faz+chover+Fernandinho,https://www.cifraclub.com.br/?q=Faz+chover+Fernandinho,,F,"catalogo, links_busca"
Faz chover Chris,Duran,,https://www.youtube.com/results?search_query=Faz+chover+Chris+Duran,https://www.cifraclub.com.br/?q=Faz+chover+Chris+Duran,,F,"catalogo, links_busca"
Felicidade no serviço,Cristão,,https://www.youtube.com/results?search_query=Felicidade+no+servi%C3%A7o+Crist%C3%A3o,https://www.cifraclub.com.br/?q=Felicidade+no+servi%C3%A7o+Crist%C3%A3o,,F,"catalogo, links_busca"
Firme nas promessas,,,https://www.youtube.com/results?search_query=Firme+nas+promessas+nan,https://www.cifraclub.com.br/?q=Firme+nas+promessas+nan,,F,"catalogo, links_busca"
Fonte de,Vida,,https://www.youtube.com/results?search_query=Fonte+de+Vida,https://www.cifraclub.com.br/?q=Fonte+de+Vida,,F,"catalogo, links_busca"
Frente a Frente,Logos,,https://www.youtube.com/results?search_query=Frente+a+Frente+Logos,https://www.cifraclub.com.br/?q=Frente+a+Frente+Logos,,F,"catalogo, links_busca"
Glorificando a,Deus,,https://www.youtube.com/results?search_query=Glorificando+a+Deus,https://www.cifraclub.com.br/?q=Glorificando+a+Deus,,G,"catalogo, links_busca"
Glorificar Projeto,a,SOL,https://www.youtube.com/results?search_query=Glorificar+Projeto+a,https://www.cifraclub.com.br/?q=Glorificar+Projeto+a,,G,"catalogo, links_busca"
Glória pra sempre,Rudinei,,https://www.youtube.com/results?search_query=Gl%C3%B3ria+pra+sempre+Rudinei,https://www.cifraclub.com.br/?q=Gl%C3%B3ria+pra+sempre+Rudinei,,G,"catalogo, links_busca"
Grande Deus Luizinho IPB,,,https://www.youtube.com/results?search_query=Grande+Deus+Luizinho+IPB+nan,https://www.cifraclub.com.br/?q=Grande+Deus+Luizinho+IPB+nan,,G,"catalogo, links_busca"
Grande é o Senhor Adhemar de,Campos,,https://www.youtube.com/results?search_query=Grande+%C3%A9+o+Senhor+Adhemar+de+Campos,https://www.cifraclub.com.br/?q=Grande+%C3%A9+o+Senhor+Adhemar+de+Campos,,G,"catalogo, links_busca"
Grandioso és Tu,Fernandinho,,https://www.youtube.com/watch?v=lUO7eRhMYNkVERSÃO,https://www.cifraclub.com.br/?q=Grandioso+%C3%A9s+Tu+Fernandinho,,G,"catalogo, lista_semestral, links_busca"
Graças te damos,,,https://www.youtube.com/results?search_query=Gra%C3%A7as+te+damos+nan,https://www.cifraclub.com.br/?q=Gra%C3%A7as+te+damos+nan,,G,"catalogo, links_busca"
Guarda a tua fé Aline,Barros,,https://www.youtube.com/results?search_query=Guarda+a+tua+f%C3%A9+Aline+Barros,https://www.cifraclub.com.br/?q=Guarda+a+tua+f%C3%A9+Aline+Barros,,G,"catalogo, links_busca"
Gênesis Projeto,a,SOL,https://www.youtube.com/results?search_query=G%C3%AAnesis+Projeto+a,https://www.cifraclub.com.br/?q=G%C3%AAnesis+Projeto+a,,G,"catalogo, links_busca"
Há um lugar Eloísa,Rosa,,https://www.youtube.com/results?search_query=H%C3%A1+um+lugar+Elo%C3%ADsa+Rosa,https://www.cifraclub.com.br/?q=H%C3%A1+um+lugar+Elo%C3%ADsa+Rosa,,H,"catalogo, links_busca"
Igreja,Alerta,,https://www.youtube.com/results?search_query=Igreja+Alerta,https://www.cifraclub.com.br/?q=Igreja+Alerta,,I,"catalogo, links_busca"
Imenso,or Aline Barros,AM,https://www.youtube.com/results?search_query=Imenso+or+Aline+Barros,https://www.cifraclub.com.br/?q=Imenso+or+Aline+Barros,,I,"catalogo, links_busca"
Incomparável,Comunidade Zona Sul,,https://youtu.be/9u_LVgvn9is?si=rODFLz629DvXQys6,https://www.cifraclub.com.br/comunidade-da-zona-sul/incomparavel/,Lento,I,lista_semestral
Incomparável Diante do,Trono,,https://www.youtube.com/results?search_query=Incompar%C3%A1vel+Diante+do+Trono,https://www.cifraclub.com.br/?q=Incompar%C3%A1vel+Diante+do+Trono,,I,"catalogo, links_busca"
Infinitamente mais,,,https://www.youtube.com/results?search_query=Infinitamente+mais+nan,https://www.cifraclub.com.br/?q=Infinitamente+mais+nan,,I,"catalogo, links_busca"
Isaias 53 Projeto,a,SOL,https://www.youtube.com/results?search_query=Isaias+53+Projeto+a,https://www.cifraclub.com.br/?q=Isaias+53+Projeto+a,,I,"catalogo, links_busca"
Isso é,or Vocal Livre,AM,https://www.youtube.com/results?search_query=Isso+%C3%A9+or+Vocal+Livre,https://www.cifraclub.com.br/?q=Isso+%C3%A9+or+Vocal+Livre,,I,"catalogo, links_busca"
Jesus,Virá,,https://www.youtube.com/results?search_query=Jesus+Vir%C3%A1,https://www.cifraclub.com.br/?q=Jesus+Vir%C3%A1,,J,"catalogo, links_busca"
Jesus Cristo mudou meu viver,,,https://www.youtube.com/watch?v=-MjXpua8s-U/,https://www.cifraclub.com.br/?q=Jesus+Cristo+mudou+meu+viver+nan,,J,"catalogo, lista_semestral, links_busca"
Jesus Virá,,SOL,https://www.youtube.com/watch?v=UjbnFguo3nU,https://www.cifraclub.com.br/?q=Jesus+Vir%C3%A1+nan,Médio,J,"lista_semestral, links_busca"
Jesus a luz do mundo,Ministério Atitude,,https://youtu.be/Fj33o4smy6g?si=O1mp4vHxcSF25aBU,https://www.cifraclub.com.br/igreja-batista-atitude-central-da-barra/jesus-a-luz-do-mundo/Rápido,,J,lista_semestral
Jesus em tua presença,,,https://www.youtube.com/results?search_query=Jesus+em+tua+presen%C3%A7a+nan,https://www.cifraclub.com.br/?q=Jesus+em+tua+presen%C3%A7a+nan,,J,"catalogo, links_busca"
Jesus te entronizamos,,,https://www.youtube.com/results?search_query=Jesus+te+entronizamos+nan,https://www.cifraclub.com.br/?q=Jesus+te+entronizamos+nan,,J,"catalogo, links_busca"
Lampada para meus pésDaniel Lud,,,https://www.youtube.com/results?search_query=Lampada+para+meus+p%C3%A9sDaniel+Lud+nan,https://www.cifraclub.com.br/?q=Lampada+para+meus+p%C3%A9sDaniel+Lud+nan,,L,"catalogo, links_busca"
Leão de,Judá,,https://www.youtube.com/results?search_query=Le%C3%A3o+de+Jud%C3%A1,https://www.cifraclub.com.br/?q=Le%C3%A3o+de+Jud%C3%A1,,L,"catalogo, links_busca"
Logo Eu Raquel,Novaes,,https://www.youtube.com/results?search_query=Logo+Eu+Raquel+Novaes,https://www.cifraclub.com.br/?q=Logo+Eu+Raquel+Novaes,,L,"catalogo, links_busca"
Louvado Seja Davi,Sacer,,https://www.youtube.com/results?search_query=Louvado+Seja+Davi+Sacer,https://www.cifraclub.com.br/?q=Louvado+Seja+Davi+Sacer,,L,"catalogo, links_busca"
Louvarei a,Senhor,,https://www.youtube.com/results?search_query=Louvarei+a+Senhor,https://www.cifraclub.com.br/?q=Louvarei+a+Senhor,,L,"catalogo, links_busca"
Louvemos ao,Senhor,,https://www.youtube.com/results?search_query=Louvemos+ao+Senhor,https://www.cifraclub.com.br/?q=Louvemos+ao+Senhor,,L,"catalogo, links_busca"
Lugares Altos Diante do,Trono,,https://www.youtube.com/results?search_query=Lugares+Altos+Diante+do+Trono,https://www.cifraclub.com.br/?q=Lugares+Altos+Diante+do+Trono,,L,"catalogo, links_busca"
Luz do mundo Daniel,Ludcke,,https://www.youtube.com/results?search_query=Luz+do+mundo+Daniel+Ludcke,https://www.cifraclub.com.br/?q=Luz+do+mundo+Daniel+Ludcke,,L,"catalogo, links_busca"
Luz na escuridão,,,https://www.youtube.com/results?search_query=Luz+na+escurid%C3%A3o+nan,https://www.cifraclub.com.br/?q=Luz+na+escurid%C3%A3o+nan,,L,"catalogo, links_busca"
Mais que emoção,,,https://www.youtube.com/results?search_query=Mais+que+emo%C3%A7%C3%A3o+nan,https://www.cifraclub.com.br/?q=Mais+que+emo%C3%A7%C3%A3o+nan,,M,"catalogo, links_busca"
Maranata,Avivah,,https://youtu.be/_ITRDUYQEtg?si=VVdk7HOQmcruuoJf,https://www.cifraclub.com.br/ministerio-avivah/maranata/,Médio,M,"catalogo, lista_semestral"
Maravilhoso,,,https://www.youtube.com/results?search_query=Maravilhoso+nan,https://www.cifraclub.com.br/?q=Maravilhoso+nan,,M,"catalogo, links_busca"
Marcas de,Cristo,,https://www.youtube.com/results?search_query=Marcas+de+Cristo,https://www.cifraclub.com.br/?q=Marcas+de+Cristo,,M,"catalogo, links_busca"
Me derramar( Eis,me - aqui) Vineyard,MI,https://youtu.be/v3UEm63kJ3s?si=0318yMMomrUzW0cG,https://www.cifraclub.com.br/?q=Me+derramar%28+Eis+me+-+aqui%29+Vineyard,Lento,M,"lista_semestral, links_busca"
Mente e Coração Vencedores por,Cristo,,https://www.youtube.com/results?search_query=Mente+e+Cora%C3%A7%C3%A3o+Vencedores+por+Cristo,https://www.cifraclub.com.br/?q=Mente+e+Cora%C3%A7%C3%A3o+Vencedores+por+Cristo,,M,"catalogo, links_busca"
Meu prazer,"Em espirito, em verdade",,https://www.youtube.com/results?search_query=Meu+prazer+Em+espirito%2C+em+verdade,https://www.cifraclub.com.br/?q=Meu+prazer+Em+espirito%2C+em+verdade,,M,"catalogo, links_busca"
Meu universo PG,,,https://www.youtube.com/results?search_query=Meu+universo+PG+nan,https://www.cifraclub.com.br/?q=Meu+universo+PG+nan,,M,"catalogo, links_busca"
Minha alma engradeceAsaph,Borba,,https://www.youtube.com/results?search_query=Minha+alma+engradeceAsaph+Borba,https://www.cifraclub.com.br/?q=Minha+alma+engradeceAsaph+Borba,,M,"catalogo, links_busca"
Missão,,,https://www.youtube.com/results?search_query=Miss%C3%A3o+nan,https://www.cifraclub.com.br/?q=Miss%C3%A3o+nan,,M,"catalogo, links_busca"
Motivo da,nha cançãoMarcos Góes,MI,https://www.youtube.com/results?search_query=Motivo+da+nha+can%C3%A7%C3%A3oMarcos+G%C3%B3es,https://www.cifraclub.com.br/?q=Motivo+da+nha+can%C3%A7%C3%A3oMarcos+G%C3%B3es,,M,"catalogo, links_busca"
Motivos sem fim pra cantar,Comunidade da Vila,,https://youtu.be/CYXutugJL4o?si=rLa4fYsO1TZeITBO,https://www.cifraclub.com.br/comunidade-da-vila/motivos-sem-fim-pra-cantar/Médio,,M,lista_semestral
Mão no,Arado,,https://www.youtube.com/results?search_query=M%C3%A3o+no+Arado,https://www.cifraclub.com.br/?q=M%C3%A3o+no+Arado,,M,"catalogo, links_busca"
Na Cruz amaste a mim,Vineyard,,https://youtu.be/0BROTS7IvdQ?si=rDZJTdtetPRnsJGE,https://www.cifraclub.com.br/vineyard/na-cruz-amaste-a-mim/,Lento,N,lista_semestral
Nada além do,SangueFernandinho,,https://www.youtube.com/results?search_query=Nada+al%C3%A9m+do+SangueFernandinho,https://www.cifraclub.com.br/?q=Nada+al%C3%A9m+do+SangueFernandinho,,N,"catalogo, links_busca"
Nas estrelas Vencedores por,Cristo,,https://www.youtube.com/results?search_query=Nas+estrelas+Vencedores+por+Cristo,https://www.cifraclub.com.br/?q=Nas+estrelas+Vencedores+por+Cristo,,N,"catalogo, links_busca"
Nasceu o Redentor Cantor,Cristão,,https://www.youtube.com/results?search_query=Nasceu+o+Redentor+Cantor+Crist%C3%A3o,https://www.cifraclub.com.br/?q=Nasceu+o+Redentor+Cantor+Crist%C3%A3o,,N,"catalogo, links_busca"
Nenhuma condenação há,,,https://youtu.be/JKzCMjXnUwE,https://www.cifraclub.com.br/armando-filho/nenhuma-condenacao-ha/,Lento,N,lista_semestral
Nenhuma condenação háEli,Soares,,https://www.youtube.com/results?search_query=Nenhuma+condena%C3%A7%C3%A3o+h%C3%A1Eli+Soares,https://www.cifraclub.com.br/?q=Nenhuma+condena%C3%A7%C3%A3o+h%C3%A1Eli+Soares,,N,"catalogo, links_busca"
Nossa,Justificação,,https://www.youtube.com/results?search_query=Nossa+Justifica%C3%A7%C3%A3o,https://www.cifraclub.com.br/?q=Nossa+Justifica%C3%A7%C3%A3o,,N,"catalogo, links_busca"
Nossas Vidas em paz,,,https://www.youtube.com/results?search_query=Nossas+Vidas+em+paz+nan,https://www.cifraclub.com.br/?q=Nossas+Vidas+em+paz+nan,,N,"catalogo, links_busca"
Nosso Deus é,Soberano,,https://www.youtube.com/results?search_query=Nosso+Deus+%C3%A9+Soberano,https://www.cifraclub.com.br/?q=Nosso+Deus+%C3%A9+Soberano,,N,"catalogo, links_busca"
Nova Vida Igreja,Getsemani,,https://www.youtube.com/results?search_query=Nova+Vida+Igreja+Getsemani,https://www.cifraclub.com.br/?q=Nova+Vida+Igreja+Getsemani,,N,"catalogo, links_busca"
Não temas Grupo logos,,,https://www.youtube.com/results?search_query=N%C3%A3o+temas+Grupo+logos+nan,https://www.cifraclub.com.br/?q=N%C3%A3o+temas+Grupo+logos+nan,,N,"catalogo, links_busca"
Não tenhas sobre Ti,,,https://www.youtube.com/results?search_query=N%C3%A3o+tenhas+sobre+Ti+nan,https://www.cifraclub.com.br/?q=N%C3%A3o+tenhas+sobre+Ti+nan,,N,"catalogo, links_busca"
Não tenho palavras Diante do,Trono,,https://www.youtube.com/results?search_query=N%C3%A3o+tenho+palavras+Diante+do+Trono,https://www.cifraclub.com.br/?q=N%C3%A3o+tenho+palavras+Diante+do+Trono,,N,"catalogo, links_busca"
O Cheiro das águas,,,https://www.youtube.com/results?search_query=O+Cheiro+das+%C3%A1guas+nan,https://www.cifraclub.com.br/?q=O+Cheiro+das+%C3%A1guas+nan,,O,"catalogo, links_busca"
O Evangelho Grupo,Logos,,https://www.youtube.com/results?search_query=O+Evangelho+Grupo+Logos,https://www.cifraclub.com.br/?q=O+Evangelho+Grupo+Logos,,O,"catalogo, links_busca"
O Nosso general,,,https://www.youtube.com/results?search_query=O+Nosso+general+nan,https://www.cifraclub.com.br/?q=O+Nosso+general+nan,,O,"catalogo, links_busca"
O meu querer Paulo César,Baruk,,https://www.youtube.com/results?search_query=O+meu+querer+Paulo+C%C3%A9sar+Baruk,https://www.cifraclub.com.br/?q=O+meu+querer+Paulo+C%C3%A9sar+Baruk,,O,"catalogo, links_busca"
O nosso general é Cristo,,AM,https://youtu.be/dS35Xhf2UeI?si=nrEN_BawzK2eSiqP,https://www.cifraclub.com.br/?q=O+nosso+general+%C3%A9+Cristo+nan,Rápido,O,"lista_semestral, links_busca"
O que eu poderia te dar,,,https://youtu.be/IW3XgltydtI,https://www.cifraclub.com.br/vineyard/o-que-eu-poderia-te-dar/,Lento,O,lista_semestral
O que eu poderia te darVineyard,,,https://www.youtube.com/results?search_query=O+que+eu+poderia+te+darVineyard+nan,https://www.cifraclub.com.br/?q=O+que+eu+poderia+te+darVineyard+nan,,O,"catalogo, links_busca"
O véu se rasgou,,,https://www.youtube.com/results?search_query=O+v%C3%A9u+se+rasgou+nan,https://www.cifraclub.com.br/?q=O+v%C3%A9u+se+rasgou+nan,,O,"catalogo, links_busca"
Obrigado,Deus,,https://www.youtube.com/results?search_query=Obrigado+Deus,https://www.cifraclub.com.br/?q=Obrigado+Deus,,O,"catalogo, links_busca"
Obrigado Jesus Alda,Célia,,https://www.youtube.com/results?search_query=Obrigado+Jesus+Alda+C%C3%A9lia,https://www.cifraclub.com.br/?q=Obrigado+Jesus+Alda+C%C3%A9lia,,O,"catalogo, links_busca"
Oferta de,or,AM,https://www.youtube.com/results?search_query=Oferta+de+or,https://www.cifraclub.com.br/?q=Oferta+de+or,,O,"catalogo, links_busca"
Oh quão lindo esse nome é,Ana Nóbrega (Versão),,https://youtu.be/V-n0FDCT2N4,https://www.cifraclub.com.br/ana-nobrega/oh-quao-lindo-esse-nome-/,Lento,O,"catalogo, lista_semestral"
Olhando para Cristo Cantor,Cristão,,https://www.youtube.com/results?search_query=Olhando+para+Cristo+Cantor+Crist%C3%A3o,https://www.cifraclub.com.br/?q=Olhando+para+Cristo+Cantor+Crist%C3%A3o,,O,"catalogo, links_busca"
Ordem de,Deus,,https://www.youtube.com/results?search_query=Ordem+de+Deus,https://www.cifraclub.com.br/?q=Ordem+de+Deus,,O,"catalogo, links_busca"
Os meus,bios te louvamDaniel Lucke,LÁ,https://www.youtube.com/results?search_query=Os+meus+bios+te+louvamDaniel+Lucke,https://www.cifraclub.com.br/?q=Os+meus+bios+te+louvamDaniel+Lucke,,O,"catalogo, links_busca"
Os que confiam no senhor,,,https://www.youtube.com/results?search_query=Os+que+confiam+no+senhor+nan,https://www.cifraclub.com.br/?q=Os+que+confiam+no+senhor+nan,,O,"catalogo, links_busca"
Ousado,or Isaias,AM,https://www.youtube.com/results?search_query=Ousado+or+Isaias,https://www.cifraclub.com.br/?q=Ousado+or+Isaias,,O,"catalogo, links_busca"
Pai abre meu coração,,,https://www.youtube.com/results?search_query=Pai+abre+meu+cora%C3%A7%C3%A3o+nan,https://www.cifraclub.com.br/?q=Pai+abre+meu+cora%C3%A7%C3%A3o+nan,,P,"catalogo, links_busca"
Para onde for irei Cantor,Cristão,,https://www.youtube.com/results?search_query=Para+onde+for+irei+Cantor+Crist%C3%A3o,https://www.cifraclub.com.br/?q=Para+onde+for+irei+Cantor+Crist%C3%A3o,,P,"catalogo, links_busca"
Paraíso Marcos,Brito,,https://www.youtube.com/results?search_query=Para%C3%ADso+Marcos+Brito,https://www.cifraclub.com.br/?q=Para%C3%ADso+Marcos+Brito,,P,"catalogo, links_busca"
Pelo poder do teu,orAline Barros,AM,https://www.youtube.com/results?search_query=Pelo+poder+do+teu+orAline+Barros,https://www.cifraclub.com.br/?q=Pelo+poder+do+teu+orAline+Barros,,P,"catalogo, links_busca"
Perdão e Graça,Vineyard,,https://youtu.be/3saFpwTqcQ0,https://www.cifraclub.com.br/vineyard-acustico/perdao-e-graca/,Lento,P,"catalogo, lista_semestral"
Perto quero estar/Telouvarei,,,https://www.youtube.com/results?search_query=Perto+quero+estar%2FTelouvarei+nan,https://www.cifraclub.com.br/?q=Perto+quero+estar%2FTelouvarei+nan,,P,"catalogo, links_busca"
Pescador,Logos,,https://www.youtube.com/results?search_query=Pescador+Logos,https://www.cifraclub.com.br/?q=Pescador+Logos,,P,"catalogo, links_busca"
Plano,Perfeito,,https://www.youtube.com/results?search_query=Plano+Perfeito,https://www.cifraclub.com.br/?q=Plano+Perfeito,,P,"catalogo, links_busca"
Plano Perfeito,Renascer Praise,,https://youtu.be/OtDvlKRgJrc?si=4x3BCB2MxNvggIMD,https://www.cifraclub.com.br/renascer-praise/plano-perfeito/,Médio,P,lista_semestral
Poder pra salvar Aline,Barros,,https://www.youtube.com/results?search_query=Poder+pra+salvar+Aline+Barros,https://www.cifraclub.com.br/?q=Poder+pra+salvar+Aline+Barros,,P,"catalogo, links_busca"
Por Cristo Vou,,,https://www.youtube.com/results?search_query=Por+Cristo+Vou+nan,https://www.cifraclub.com.br/?q=Por+Cristo+Vou+nan,,P,"catalogo, links_busca"
Porque Ele vive,,,https://www.youtube.com/results?search_query=Porque+Ele+vive+nan,https://www.cifraclub.com.br/?q=Porque+Ele+vive+nan,,P,"catalogo, links_busca"
Portas Abertas,Eli Soares (versão),LÁ,https://youtu.be/tr5BIG8hWsk?si=kIsscSJLvcsElIfp,https://www.cifraclub.com.br/?q=Portas+Abertas+Eli+Soares+%28vers%C3%A3o%29,,P,"lista_semestral, links_busca"
Pra que servimos nós Grupo logos,,,https://www.youtube.com/results?search_query=Pra+que+servimos+n%C3%B3s+Grupo+logos+nan,https://www.cifraclub.com.br/?q=Pra+que+servimos+n%C3%B3s+Grupo+logos+nan,,P,"catalogo, links_busca"
Primeira Essência,Aline Barros,,https://youtu.be/7gooZ0RZLcY,https://www.cifraclub.com.br/aline-barros/primeira-essencia/,Lento,P,lista_semestral
Primeira Essência Aline,Barros,,https://www.youtube.com/results?search_query=Primeira+Ess%C3%AAncia+Aline+Barros,https://www.cifraclub.com.br/?q=Primeira+Ess%C3%AAncia+Aline+Barros,,P,"catalogo, links_busca"
Primeiro,or Carlinhos Felix,AM,https://www.youtube.com/results?search_query=Primeiro+or+Carlinhos+Felix,https://www.cifraclub.com.br/?q=Primeiro+or+Carlinhos+Felix,,P,"catalogo, links_busca"
Prosto,Barros,,https://www.youtube.com/results?search_query=Prosto+Barros,https://www.cifraclub.com.br/?q=Prosto+Barros,,P,"catalogo, links_busca"
Quando as coisas,,,https://www.youtube.com/results?search_query=Quando+as+coisas+nan,https://www.cifraclub.com.br/?q=Quando+as+coisas+nan,,Q,"catalogo, links_busca"
Quando entro em tua presença,Koinonya,,https://youtu.be/lWgP7pgyL5U,https://www.cifraclub.com.br/ministerio-koinonya-de-louvor/quando-entro-em-tua-presenca/Rápido,,Q,"catalogo, lista_semestral"
Quando olho tua santidade,,,https://www.youtube.com/results?search_query=Quando+olho+tua+santidade+nan,https://www.cifraclub.com.br/?q=Quando+olho+tua+santidade+nan,,Q,"catalogo, links_busca"
Quebrantado,Vineyard,,https://www.youtube.com/results?search_query=Quebrantado+Vineyard,https://www.cifraclub.com.br/?q=Quebrantado+Vineyard,,Q,"catalogo, lista_semestral, links_busca"
Quem nos separará,,,https://www.youtube.com/results?search_query=Quem+nos+separar%C3%A1+nan,https://www.cifraclub.com.br/?q=Quem+nos+separar%C3%A1+nan,,Q,"catalogo, links_busca"
Quem sou eu PG,,,https://www.youtube.com/results?search_query=Quem+sou+eu+PG+nan,https://www.cifraclub.com.br/?q=Quem+sou+eu+PG+nan,,Q,"catalogo, links_busca"
Quero,Subir,,https://www.youtube.com/results?search_query=Quero+Subir,https://www.cifraclub.com.br/?q=Quero+Subir,,Q,"catalogo, links_busca"
Quero louvar,César,RÉ,https://youtu.be/KS8cWz7hZmE?si=jYryrYOIc6afLDhk,https://www.cifraclub.com.br/?q=Quero+louvar+C%C3%A9sar,Rápido,Q,"catalogo, lista_semestral, links_busca"
Quão formoso és,Koinonia,,https://www.youtube.com/results?search_query=Qu%C3%A3o+formoso+%C3%A9s+Koinonia,https://www.cifraclub.com.br/?q=Qu%C3%A3o+formoso+%C3%A9s+Koinonia,,Q,"catalogo, links_busca"
Quão grande é meu,Deus,,https://www.youtube.com/results?search_query=Qu%C3%A3o+grande+%C3%A9+meu+Deus,https://www.cifraclub.com.br/?q=Qu%C3%A3o+grande+%C3%A9+meu+Deus,,Q,"catalogo, links_busca"
REPETIDA 7 PG,,,https://www.youtube.com/results?search_query=REPETIDA+7+PG+nan,https://www.cifraclub.com.br/?q=REPETIDA+7+PG+nan,,R,"catalogo, links_busca"
Redenção,,,https://www.youtube.com/results?search_query=Reden%C3%A7%C3%A3o+nan,https://www.cifraclub.com.br/?q=Reden%C3%A7%C3%A3o+nan,,R,"catalogo, links_busca"
Rei das nações,,,https://www.youtube.com/results?search_query=Rei+das+na%C3%A7%C3%B5es+nan,https://www.cifraclub.com.br/?q=Rei+das+na%C3%A7%C3%B5es+nan,Lento,R,"lista_semestral, links_busca"
Rei das nações Paulo César,Baruk,,https://www.youtube.com/results?search_query=Rei+das+na%C3%A7%C3%B5es+Paulo+C%C3%A9sar+Baruk,https://www.cifraclub.com.br/?q=Rei+das+na%C3%A7%C3%B5es+Paulo+C%C3%A9sar+Baruk,,R,"catalogo, links_busca"
Rei dos,Reis,,https://www.youtube.com/results?search_query=Rei+dos+Reis,https://www.cifraclub.com.br/?q=Rei+dos+Reis,,R,"catalogo, links_busca"
Reina,Hoje,,https://www.youtube.com/results?search_query=Reina+Hoje,https://www.cifraclub.com.br/?q=Reina+Hoje,,R,"catalogo, links_busca"
Reina em,m Vineyard,MI,https://www.youtube.com/results?search_query=Reina+em+m+Vineyard,https://www.cifraclub.com.br/?q=Reina+em+m+Vineyard,,R,"catalogo, links_busca"
Reina em mim,,BB,https://youtu.be/bpabvrhSJ6Y?si=zSQ0tjiCy29rigcY,https://www.cifraclub.com.br/?q=Reina+em+mim+nan,Rápido,R,"lista_semestral, links_busca"
Renova,me,,https://youtu.be/TzX83Xva9zIVERSÃO,https://www.cifraclub.com.br/harpa-crista/renova-me-senhor-jesus/,Lento,R,"catalogo, lista_semestral"
Reunidos aqui,,,https://www.youtube.com/results?search_query=Reunidos+aqui+nan,https://www.cifraclub.com.br/?q=Reunidos+aqui+nan,,R,"catalogo, links_busca"
Rude,Cruz,,https://www.youtube.com/results?search_query=Rude+Cruz,https://www.cifraclub.com.br/?q=Rude+Cruz,,R,"catalogo, links_busca"
Sal e Luz Nani azevedo,,,https://www.youtube.com/results?search_query=Sal+e+Luz+Nani+azevedo+nan,https://www.cifraclub.com.br/?q=Sal+e+Luz+Nani+azevedo+nan,,S,"catalogo, links_busca"
Salmo 1,,,https://www.youtube.com/results?search_query=Salmo+1+nan,https://www.cifraclub.com.br/?q=Salmo+1+nan,,S,"catalogo, lista_semestral, links_busca"
Salmo 104,,,https://www.youtube.com/results?search_query=Salmo+104+nan,https://www.cifraclub.com.br/?q=Salmo+104+nan,,S,"catalogo, links_busca"
Salmo 139,,,https://www.youtube.com/results?search_query=Salmo+139+nan,https://www.cifraclub.com.br/?q=Salmo+139+nan,,S,"catalogo, links_busca"
Salmo 63,,,https://www.youtube.com/results?search_query=Salmo+63+nan,https://www.cifraclub.com.br/?q=Salmo+63+nan,Médio,S,"catalogo, lista_semestral, links_busca"
Salvo pela graça,,RÉ,https://youtu.be/KS8cWz7hZmE?si=jYryrYOIc6afLDhk,https://www.cifraclub.com.br/?q=Salvo+pela+gra%C3%A7a+nan,Rápido,S,"catalogo, lista_semestral, links_busca"
Santa Ceia Sergio,Lopes,,https://www.youtube.com/results?search_query=Santa+Ceia+Sergio+Lopes,https://www.cifraclub.com.br/?q=Santa+Ceia+Sergio+Lopes,,S,"catalogo, links_busca"
Santo,Deus,,https://www.youtube.com/results?search_query=Santo+Deus,https://www.cifraclub.com.br/?q=Santo+Deus,,S,"catalogo, links_busca"
Santo pra Sempre,,LÁ,https://youtu.be/ijNCc7ICCck?si=cZFs8k1R2MaRqUNL,https://www.cifraclub.com.br/?q=Santo+pra+Sempre+nan,Lento,S,"lista_semestral, links_busca"
Seja onde for,,,https://www.youtube.com/results?search_query=Seja+onde+for+nan,https://www.cifraclub.com.br/?q=Seja+onde+for+nan,,S,"catalogo, links_busca"
Sempre adorarei,,,https://www.youtube.com/results?search_query=Sempre+adorarei+nan,https://www.cifraclub.com.br/?q=Sempre+adorarei+nan,,S,"catalogo, links_busca"
Servo bom e fiel,,,https://www.youtube.com/results?search_query=Servo+bom+e+fiel+nan,https://www.cifraclub.com.br/?q=Servo+bom+e+fiel+nan,,S,"catalogo, links_busca"
Simplesmente como jesus,,,https://www.youtube.com/results?search_query=Simplesmente+como+jesus+nan,https://www.cifraclub.com.br/?q=Simplesmente+como+jesus+nan,,S,"catalogo, links_busca"
Sol,,,https://www.youtube.com/results?search_query=Sol+nan,https://www.cifraclub.com.br/?q=Sol+nan,Lento,S,"lista_semestral, links_busca"
Sol/Lá,,,https://www.youtube.com/results?search_query=Sol%2FL%C3%A1+nan,https://www.cifraclub.com.br/?q=Sol%2FL%C3%A1+nan,Lento,S,"lista_semestral, links_busca"
Somos um corpo em cristo,,,https://www.youtube.com/results?search_query=Somos+um+corpo+em+cristo+nan,https://www.cifraclub.com.br/?q=Somos+um+corpo+em+cristo+nan,,S,"catalogo, links_busca"
Sonda,Usa-me,,https://www.youtube.com/results?search_query=Sonda+Usa-me,https://www.cifraclub.com.br/?q=Sonda+Usa-me,,S,"catalogo, links_busca"
Sou Feliz,Hino,,https://www.youtube.com/results?search_query=Sou+Feliz+Hino,https://www.cifraclub.com.br/?q=Sou+Feliz+Hino,,S,"catalogo, links_busca"
Só em Cristo Raquel,Novaes,,https://www.youtube.com/results?search_query=S%C3%B3+em+Cristo+Raquel+Novaes,https://www.cifraclub.com.br/?q=S%C3%B3+em+Cristo+Raquel+Novaes,,S,"catalogo, links_busca"
Seja engrandecido,,,https://www.youtube.com/results?search_query=Seja+engrandecido+nan,https://www.cifraclub.com.br/?q=Seja+engrandecido+nan,Lento,S,"catalogo, lista_semestral, links_busca"
Sublime comunhão,,,https://www.youtube.com/results?search_query=Sublime+comunh%C3%A3o+nan,https://www.cifraclub.com.br/?q=Sublime+comunh%C3%A3o+nan,,S,"catalogo, links_busca"
TU ÉS + Águas purificadoras,FHOP MUSIC,RÉ,https://youtu.be/YXnQ02HYB1w?si=B8hZ-2r0sE7feA2b,https://www.cifraclub.com.br/?q=TU+%C3%89S+%2B+%C3%81guas+purificadoras+FHOP+MUSIC,Lento,T,"lista_semestral, links_busca"
TU ÉS O CORDEIRO,Diante do Trono,,https://www.youtube.com/results?search_query=TU+%C3%89S+O+CORDEIRO+Diante+do+Trono,https://www.cifraclub.com.br/?q=TU+%C3%89S+O+CORDEIRO+Diante+do+Trono,Lento,T,"lista_semestral, links_busca"
Te adoramos Sergio,Lopes,,https://www.youtube.com/results?search_query=Te+adoramos+Sergio+Lopes,https://www.cifraclub.com.br/?q=Te+adoramos+Sergio+Lopes,,T,"catalogo, links_busca"
Te adoramos Sergio lopes,,,https://www.youtube.com/results?search_query=Te+adoramos+Sergio+lopes+nan,https://www.cifraclub.com.br/?q=Te+adoramos+Sergio+lopes+nan,,T,"catalogo, links_busca"
Te agradeço,,,https://www.youtube.com/results?search_query=Te+agrade%C3%A7o+nan,https://www.cifraclub.com.br/?q=Te+agrade%C3%A7o+nan,Lento,T,"catalogo, lista_semestral, links_busca"
Te agradeço oh Pai,,,https://www.youtube.com/results?search_query=Te+agrade%C3%A7o+oh+Pai+nan,https://www.cifraclub.com.br/?q=Te+agrade%C3%A7o+oh+Pai+nan,,T,"catalogo, links_busca"
Te louvarei,,,https://www.youtube.com/results?search_query=Te+louvarei+nan,https://www.cifraclub.com.br/?q=Te+louvarei+nan,,T,"catalogo, links_busca"
Tempo da colheita,,,https://www.youtube.com/results?search_query=Tempo+da+colheita+nan,https://www.cifraclub.com.br/?q=Tempo+da+colheita+nan,,T,"catalogo, links_busca"
Tente lembrar,,,https://www.youtube.com/results?search_query=Tente+lembrar+nan,https://www.cifraclub.com.br/?q=Tente+lembrar+nan,,T,"catalogo, links_busca"
Teu amor não falha,Nívea Soares,,https://youtu.be/IKBr-O8KDag,https://www.cifraclub.com.br/nivea-soares/teu-amor-nao-falha/,Rápido,T,lista_semestral
Teu povo Vencedores por,Cristo,,https://www.youtube.com/results?search_query=Teu+povo+Vencedores+por+Cristo,https://www.cifraclub.com.br/?q=Teu+povo+Vencedores+por+Cristo,,T,"catalogo, links_busca"
Teus,Altares,,https://www.youtube.com/results?search_query=Teus+Altares,https://www.cifraclub.com.br/?q=Teus+Altares,,T,"catalogo, links_busca"
Toda adoração,,,https://www.youtube.com/results?search_query=Toda+adora%C3%A7%C3%A3o+nan,https://www.cifraclub.com.br/?q=Toda+adora%C3%A7%C3%A3o+nan,,T,"catalogo, links_busca"
Todo dia,Comunidade da Vila,,https://youtu.be/b-Cavds6Dz4?si=SmYKB1ElvVpTLk5U,https://www.cifraclub.com.br/comunidade-da-vila/todo-dia/,Médio,T,lista_semestral
Todo dia Comunidade da,Vila,,https://www.youtube.com/results?search_query=Todo+dia+Comunidade+da+Vila,https://www.cifraclub.com.br/?q=Todo+dia+Comunidade+da+Vila,,T,"catalogo, links_busca"
Todos vão louvar,,,https://www.youtube.com/results?search_query=Todos+v%C3%A3o+louvar+nan,https://www.cifraclub.com.br/?q=Todos+v%C3%A3o+louvar+nan,,T,"catalogo, links_busca"
Toma meu coração,,,https://www.youtube.com/results?search_query=Toma+meu+cora%C3%A7%C3%A3o+nan,https://www.cifraclub.com.br/?q=Toma+meu+cora%C3%A7%C3%A3o+nan,,T,"catalogo, links_busca"
Tu somente és,Deus,,https://www.youtube.com/results?search_query=Tu+somente+%C3%A9s+Deus,https://www.cifraclub.com.br/?q=Tu+somente+%C3%A9s+Deus,,T,"catalogo, links_busca"
Tu és,Santo,,https://www.youtube.com/results?search_query=Tu+%C3%A9s+Santo,https://www.cifraclub.com.br/?q=Tu+%C3%A9s+Santo,,T,"catalogo, links_busca"
Tu és Santo,Ronaldo Bezerra,MÍ,https://youtu.be/mFB-r2aIjnQ?si=jWwu4q7JDpZxqRfd,https://www.cifraclub.com.br/ronaldo-bezerra/tu-es-santo/,Rápido - Rude Cruz 🔥Rude Cruz em Groove - KEYSCAM - @DanielFreitas (youtube.com) Mí CIFRA DA IGREJA Lento,T,lista_semestral
Tu és Soberano,,,https://www.youtube.com/results?search_query=Tu+%C3%A9s+Soberano+nan,https://www.cifraclub.com.br/?q=Tu+%C3%A9s+Soberano+nan,Médio,T,"lista_semestral, links_busca"
Tu és cordeiro Diabte do,Trono,,https://www.youtube.com/results?search_query=Tu+%C3%A9s+cordeiro+Diabte+do+Trono,https://www.cifraclub.com.br/?q=Tu+%C3%A9s+cordeiro+Diabte+do+Trono,,T,"catalogo, links_busca"
Tu és fiel senhor,,,https://www.youtube.com/results?search_query=Tu+%C3%A9s+fiel+senhor+nan,https://www.cifraclub.com.br/?q=Tu+%C3%A9s+fiel+senhor+nan,,T,"catalogo, links_busca"
Tua Palavra Paulo César,Baruk,,https://www.youtube.com/results?search_query=Tua+Palavra+Paulo+C%C3%A9sar+Baruk,https://www.cifraclub.com.br/?q=Tua+Palavra+Paulo+C%C3%A9sar+Baruk,,T,"catalogo, links_busca"
Tua palavra Marcela,Gandara,,https://www.youtube.com/results?search_query=Tua+palavra+Marcela+Gandara,https://www.cifraclub.com.br/?q=Tua+palavra+Marcela+Gandara,,T,"catalogo, links_busca"
Tua presença,,,https://www.youtube.com/results?search_query=Tua+presen%C3%A7a+nan,https://www.cifraclub.com.br/?q=Tua+presen%C3%A7a+nan,,T,"catalogo, links_busca"
Tuas primicias,,,https://www.youtube.com/results?search_query=Tuas+primicias+nan,https://www.cifraclub.com.br/?q=Tuas+primicias+nan,,T,"catalogo, links_busca"
Tudo,Daniel Ludtke,,https://youtu.be/ufHySSO8hmQ?si=rsPgjHr0bzl8FsSM,https://www.cifraclub.com.br/daniel-ludtke/tudo/,Lento,T,lista_semestral
Vaso novo,Corinho,,https://www.youtube.com/results?search_query=Vaso+novo+Corinho,https://www.cifraclub.com.br/?q=Vaso+novo+Corinho,,V,"catalogo, links_busca"
Vem,Vineyard,,https://www.youtube.com/results?search_query=Vem+Vineyard,https://www.cifraclub.com.br/?q=Vem+Vineyard,,V,"catalogo, links_busca"
Vem derrama Paz,,,https://www.youtube.com/results?search_query=Vem+derrama+Paz+nan,https://www.cifraclub.com.br/?q=Vem+derrama+Paz+nan,,V,"catalogo, links_busca"
Vencendo nas,BatalhasJessé,,https://www.youtube.com/results?search_query=Vencendo+nas+BatalhasJess%C3%A9,https://www.cifraclub.com.br/?q=Vencendo+nas+BatalhasJess%C3%A9,,V,"catalogo, links_busca"
Vencendo vem,Jesus,,https://www.youtube.com/results?search_query=Vencendo+vem+Jesus,https://www.cifraclub.com.br/?q=Vencendo+vem+Jesus,,V,"catalogo, links_busca"
Ventos do,Avivamento,,https://www.youtube.com/results?search_query=Ventos+do+Avivamento,https://www.cifraclub.com.br/?q=Ventos+do+Avivamento,,V,"catalogo, links_busca"
Verbo,Daniel Ludtke,,https://www.youtube.com/results?search_query=Verbo+Daniel+Ludtke,https://www.cifraclub.com.br/?q=Verbo+Daniel+Ludtke,Rápido,V,"lista_semestral, links_busca"
Verbo Daniel,Ludcke,,https://www.youtube.com/results?search_query=Verbo+Daniel+Ludcke,https://www.cifraclub.com.br/?q=Verbo+Daniel+Ludcke,,V,"catalogo, links_busca"
Verdadeiro Adorador,Koinonia,,https://www.youtube.com/results?search_query=Verdadeiro+Adorador+Koinonia,https://www.cifraclub.com.br/?q=Verdadeiro+Adorador+Koinonia,,V,"catalogo, links_busca"
Via dolorosa,,SOL,https://www.youtube.com/watch?v=pU83z4dzLdA,https://www.cifraclub.com.br/?q=Via+dolorosa+nan,Lento -Sublime comunhão -Clanilton -autoral -IBBJ Sol CIFRA DA IGREJA Rápido,V,"catalogo, lista_semestral, links_busca"
Vida,Raquel Novaes,,https://youtu.be/vNSJE-7eyfs?si=rb0UIycz4dDs27oW,https://www.cifraclub.com.br/rachel-novaes/vida/,Médio (compasso),V,lista_semestral
Vim para adorar,te,,https://youtu.be/Ifcaa0rzDtI?si=07e4TUc0uEw2GZbs,https://www.cifraclub.com.br/quatro-por-um/vim-para-adorar-te/,Lento,V,"catalogo, lista_semestral"
Vitoria apesar das lutasJessé,,,https://www.youtube.com/results?search_query=Vitoria+apesar+das+lutasJess%C3%A9+nan,https://www.cifraclub.com.br/?q=Vitoria+apesar+das+lutasJess%C3%A9+nan,,V,"catalogo, links_busca"
Água,Viva,LÁ,https://www.youtube.com/results?search_query=%C3%81gua+Viva,https://www.cifraclub.com.br/?q=%C3%81gua+Viva,,Á,"catalogo, links_busca"
